USE MARVEL;

INSERT INTO MARVEL_HEROES (HERO_ID, HERO_NAME, HERO_REAL_NAME, HERO_ORIGIN, HERO_FIRST_APPEARENCE, HERO_PLANET, HERO_AGE) VALUES
(1, 'Iron Man', 'Tony Stark', 'Marvel Comics', 1963, 'Earth', 53),
(2, 'Captain America', 'Steve Rogers', 'Timely Comics', 1941, 'Earth', 100),
(3, 'Thor', 'Thor Odinson', 'Marvel Comics', 1962, 'Asgard', 1500),
(4, 'Black Widow', 'Natasha Romanoff', 'Marvel Comics', 1964, 'Earth', 39),
(5, 'Hawkeye', 'Clint Barton', 'Marvel Comics', 1964, 'Earth', 48),
(6, 'Black Panther', 'T’Challa', 'Marvel Comics', 1966, 'Wakanda', 35),
(7, 'Spider-Man', 'Peter Parker', 'Amazing Fantasy', 1962, 'Earth', 25),
(8, 'Doctor Strange', 'Stephen Strange', 'Strange Tales', 1963, 'Earth', 45),
(9, 'Scarlet Witch', 'Wanda Maximoff', 'X-Men Comics', 1964, 'Earth', 34),
(10, 'Vision', 'JARVIS', 'Avengers Comics', 1968, 'Earth', 5),
(11, 'Ant-Man', 'Scott Lang', 'Marvel Premiere', 1979, 'Earth', 45),
(12, 'Wolverine', 'James Howlett', 'The Incredible Hulk', 1974, 'Earth', 137),
(13, 'Deadpool', 'Wade Wilson', 'New Mutants', 1991, 'Earth', 30),
(14, 'Storm', 'Ororo Munroe', 'Giant-Size X-Men', 1975, 'Earth', 39),
(15, 'Cyclops', 'Scott Summers', 'X-Men Comics', 1963, 'Earth', 35),
(16, 'Jean Grey', 'Jean Grey', 'X-Men Comics', 1963, 'Earth', 38),
(17, 'Hulk', 'Bruce Banner', 'Marvel Comics', 1962, 'Earth', 48),
(18, 'Silver Surfer', 'Norrin Radd', 'Fantastic Four', 1966, 'Zenn-La', 3000),
(19, 'Daredevil', 'Matt Murdock', 'Daredevil Comics', 1964, 'Earth', 35),
(20, 'Luke Cage', 'Carl Lucas', 'Hero for Hire', 1972, 'Earth', 43),
(21, 'Nova', 'Richard Rider', 'The Man Called Nova', 1976, 'Xandar', 30),
(22, 'Adam Warlock', 'Adam Warlock', 'Fantastic Four', 1967, 'Earth', 50),
(23, 'Moon Knight', 'Marc Spector', 'Werewolf by Night', 1975, 'Earth', 42),
(24, 'She-Hulk', 'Jennifer Walters', 'Savage She-Hulk', 1980, 'Earth', 39),
(25, 'Black Knight', 'Dane Whitman', 'The Avengers', 1967, 'Earth', 38),
(26, 'Sentry', 'Robert Reynolds', 'Sentry Comics', 2000, 'Earth', 35),
(27, 'Blue Marvel', 'Adam Brashear', 'Adam: Legend of the Blue Marvel', 2008, 'Earth', 95),
(28, 'Quasar', 'Wendell Vaughn', 'Captain America', 1978, 'Earth', 70),
(29, 'Ms. Marvel', 'Kamala Khan', 'Captain Marvel', 2013, 'Earth', 18),
(30, 'Shang-Chi', 'Shang-Chi', 'Special Marvel Edition', 1973, 'Earth', 35),
(31, 'Echo', 'Maya Lopez', 'Daredevil Comics', 1999, 'Earth', 30),
(32, 'Ironheart', 'Riri Williams', 'Invincible Iron Man', 2016, 'Earth', 19),
(33, 'Photon', 'Monica Rambeau', 'The Amazing Spider-Man', 1982, 'Earth', 37),
(34, 'White Tiger', 'Hector Ayala', 'Deadly Hands of Kung Fu', 1975, 'Earth', 35),
(35, 'Firestar', 'Angelica Jones', 'Uncanny X-Men', 1981, 'Earth', 28),
(36, 'Spider-Woman', 'Jessica Drew', 'Marvel Spotlight', 1977, 'Earth', 35),
(37, 'Hercules', 'Heracles', 'Journey Into Mystery Annual', 1965, 'Olympus', 3100),
(38, 'Namor', 'Namor McKenzie', 'Marvel Comics', 1939, 'Atlantis', 110),
(39, 'Ghost Rider', 'Johnny Blaze', 'Marvel Spotlight', 1972, 'Earth', 38),
(40, 'Howard the Duck', 'Howard', 'Adventure into Fear', 1973, 'Duckworld', 50),
(41, 'Hyperion', 'Marcus Milton', 'The Avengers', 1969, 'Earth', 1500),
(42, 'Beta Ray Bill', 'Bill', 'Thor', 1983, 'Korbin', 38),
(43, 'Black Cat', 'Felicia Hardy', 'The Amazing Spider-Man', 1979, 'Earth', 35),
(44, 'Silverclaw', 'Maria De Guadalupe', 'Avengers Comics', 1998, 'Costa Verde', 25),
(45, 'Speedball', 'Robbie Baldwin', 'The Amazing Spider-Man Annual', 1988, 'Earth', 30),
(46, 'Sunspot', 'Roberto Da Costa', 'The New Mutants', 1982, 'Earth', 28),
(47, 'Warpath', 'James Proudstar', 'The New Mutants', 1984, 'Earth', 32),
(48, 'Thunderbird', 'John Proudstar', 'Giant-Size X-Men', 1975, 'Earth', 25),
(49, 'Domino', 'Neena Thurman', 'X-Force', 1991, 'Earth', 32),
(50, 'Cannonball', 'Sam Guthrie', 'The New Mutants', 1982, 'Earth', 30),
(51, 'Aurora', 'Jeanne-Marie Beaubier', 'X-Men Comics', 1979, 'Earth', 40),
(52, 'Magik', 'Illyana Rasputin', 'X-Men Comics', 1975, 'Limbo', 27),
(53, 'Longshot', 'Longshot', 'X-Men Comics', 1985, 'Mojoworld', 35),
(54, 'Dagger', 'Tandy Bowen', 'Peter Parker, the Spectacular Spider-Man', 1982, 'Earth', 28),
(55, 'Cloak', 'Tyrone Johnson', 'Peter Parker, the Spectacular Spider-Man', 1982, 'Earth', 28),
(56, 'X-23', 'Laura Kinney', 'X-Men Comics', 2004, 'Earth', 20),
(57, 'Pixie', 'Megan Gwynn', 'X-Men Comics', 2004, 'Earth', 22),
(58, 'Stepford Cuckoos', 'Celeste, Esme, Mindee, Phoebe, Sophie', 'X-Men Comics', 2001, 'Earth', 20),
(59, 'Hope Summers', 'Hope Summers', 'X-Men Comics', 2008, 'Earth', 18),
(60, 'Armor', 'Hisako Ichiki', 'X-Men Comics', 2004, 'Earth', 22),
(61, 'Blink', 'Clarice Ferguson', 'X-Men Comics', 1994, 'Earth', 30),
(62, 'Juggernaut', 'Cain Marko', 'X-Men Comics', 1965, 'Earth', 50),
(63, 'Morph', 'Kevin Sydney', 'X-Men Comics', 1992, 'Earth', 35),
(64, 'Penance', 'Monet St. Croix', 'X-Men Comics', 1994, 'Earth', 30),
(65, 'Feral', 'Maria Callasantos', 'X-Men Comics', 1991, 'Earth', 28),
(66, 'Shatterstar', 'Gaveedra Seven', 'X-Men Comics', 1991, 'Mojoworld', 30),
(67, 'Rictor', 'Julio Richter', 'X-Men Comics', 1987, 'Earth', 30),
(68, 'Strong Guy', 'Guido Carosella', 'X-Men Comics', 1991, 'Earth', 45),
(69, 'Magma', 'Amara Aquilla', 'X-Men Comics', 1983, 'Earth', 28),
(70, 'Dazzler', 'Alison Blaire', 'X-Men Comics', 1980, 'Earth', 35),
(71, 'Boom-Boom', 'Tabitha Smith', 'X-Men Comics', 1985, 'Earth', 28),
(72, 'Fantomex', 'Charlie Cluster-7', 'X-Men Comics', 2002, 'Earth', 35),
(73, 'Elixir', 'Joshua Foley', 'X-Men Comics', 2003, 'Earth', 25),
(74, 'Warlock', 'Warlock', 'X-Men Comics', 1982, 'Kvch', 40),
(75, 'Cable', 'Nathan Summers', 'X-Men Comics', 1986, 'Earth', 50),
(76, 'Dead Girl', 'Moonbeam', 'X-Statix', 2001, 'Earth', 30),
(77, 'Doop', 'Doop', 'X-Force', 2001, 'Earth', 40),
(78, 'Marrow', 'Sarah', 'X-Men Comics', 1994, 'Earth', 30),
(79, 'Chamber', 'Jonothon Starsmore', 'X-Men Comics', 1994, 'Earth', 30),
(80, 'Skin', 'Angelo Espinosa', 'X-Men Comics', 1994, 'Earth', 28);


INSERT INTO MARVEL_MOVIES (MOVIE_ID, MOVIE_TITLE, MOVIE_RELEASE_DATE, MOVIE_RATING, MOVIE_BUDGET, MOVIE_BOX_OFFICE) VALUES
(1, 'Iron Man', '2008-05-02', 8, 140000000, 585174222),
(2, 'The Avengers', '2012-05-04', 8, 220000000, 1518812988),
(3, 'Thor: Ragnarok', '2017-11-03', 8, 180000000, 850000000),
(4, 'Black Panther', '2018-02-16', 8, 200000000, 1346913161),
(5, 'Spider-Man: Homecoming', '2017-07-07', 8, 175000000, 880166924),
(6, 'Doctor Strange', '2016-11-04', 7, 165000000, 677718395),
(7, 'Ant-Man', '2015-07-17', 7, 130000000, 519311394),
(8, 'Deadpool', '2016-02-12', 8, 58000000, 783112979),
(9, 'X-Men', '2000-07-14', 7, 75000000, 296339527),
(10, 'Hulk', '2003-06-20', 6, 137000000, 245000000),
(11, 'Guardians of the Galaxy', '2014-08-01', 8, 170000000, 773328629),
(12, 'Captain Marvel', '2019-03-08', 7, 152000000, 1128274794),
(13, 'Avengers: Endgame', '2019-04-26', 9, 356000000, 2797800564),
(14, 'Thor: Love and Thunder', '2022-07-08', 7, 250000000, 760000000),
(15, 'Black Widow', '2021-07-09', 6, 200000000, 379000000),
(16, 'Shang-Chi', '2021-09-03', 8, 150000000, 432243292),
(17, 'Eternals', '2021-11-05', 6, 200000000, 402064899),
(18, 'Venom', '2018-10-05', 7, 116000000, 856085151),
(19, 'Logan', '2017-03-03', 8, 97000000, 619179950),
(20, 'Fantastic Four', '2005-07-08', 6, 100000000, 333535934),
(21, 'Blade', '1998-08-21', 7, 45000000, 131183530),
(22, 'Blade II', '2002-03-22', 7, 54000000, 155010032),
(23, 'Blade: Trinity', '2004-12-08', 5, 65000000, 132917884),
(24, 'Morbius', '2022-04-01', 5, 83000000, 167460961),
(25, 'Venom: Let There Be Carnage', '2021-10-01', 6, 110000000, 506863592),
(26, 'X-Men: Days of Future Past', '2014-05-23', 8, 200000000, 746046292),
(27, 'The Wolverine', '2013-07-26', 7, 120000000, 414828246),
(28, 'The Amazing Spider-Man', '2012-07-03', 7, 230000000, 757930663),
(29, 'The Amazing Spider-Man 2', '2014-05-02', 6, 255000000, 709000000),
(30, 'Spider-Man: No Way Home', '2021-12-17', 9, 200000000, 1920000000),
(31, 'The New Mutants', '2020-08-28', 5, 67000000, 49817250),
(32, 'Deadpool 2', '2018-05-18', 8, 110000000, 786592530),
(33, 'Spider-Man: Into the Spider-Verse', '2018-12-14', 8, 90000000, 375540831),
(34, 'Ant-Man and the Wasp', '2018-07-06', 7, 162000000, 622674139),
(35, 'Captain America: The First Avenger', '2011-07-22', 7, 140000000, 370569774),
(36, 'Captain America: The Winter Soldier', '2014-04-04', 8, 170000000, 714421503),
(37, 'Captain America: Civil War', '2016-05-06', 8, 250000000, 1153296293),
(38, 'Avengers: Infinity War', '2018-04-27', 8, 325000000, 2048359754),
(39, 'X-Men: Apocalypse', '2016-05-27', 7, 178000000, 543934787),
(40, 'X-Men: Dark Phoenix', '2019-06-07', 6, 200000000, 252442974),
(41, 'Doctor Strange in the Multiverse of Madness', '2022-05-06', 7, 200000000, 955775804),
(42, 'Thor', '2011-05-06', 7, 150000000, 449326618),
(43, 'Thor: The Dark World', '2013-11-08', 6, 170000000, 644603572),
(44, 'Iron Man 2', '2010-05-07', 7, 200000000, 623933331),
(45, 'Iron Man 3', '2013-05-03', 7, 200000000, 1214811252),
(46, 'Hawkeye: Origins', '2022-06-15', 7, 120000000, 380000000),
(47, 'Black Widow: Endgame', '2020-05-01', 7, 200000000, 650000000),
(48, 'The Incredible Hulk', '2008-06-13', 6, 150000000, 263427551),
(49, 'Guardians of the Galaxy Vol. 2', '2017-05-05', 8, 200000000, 863756051),
(50, 'Avengers: Age of Ultron', '2015-05-01', 7, 365000000, 1405403694),
(51, 'Eternals: Rise of the Gods', '2022-03-15', 6, 210000000, 500000000),
(52, 'The Punisher', '2004-04-16', 6, 33000000, 54700000),
(53, 'The Punisher: War Zone', '2008-12-05', 5, 35000000, 10800000),
(54, 'Jessica Jones', '2019-10-20', 7, 80000000, 120000000),
(55, 'Luke Cage: Hero for Hire', '2020-07-14', 7, 90000000, 150000000),
(56, 'Iron Fist', '2018-03-17', 6, 95000000, 130000000),
(57, 'Daredevil: The Man Without Fear', '2003-02-14', 6, 78000000, 179179718),
(58, 'The Defenders', '2021-12-10', 8, 100000000, 200000000),
(59, 'Moon Knight: Vengeance', '2022-09-07', 7, 120000000, 400000000),
(60, 'She-Hulk: Attorney at Law', '2023-01-10', 7, 130000000, 320000000),
(61, 'Ms. Marvel', '2021-06-08', 7, 150000000, 450000000),
(62, 'Wolverine: Origins', '2009-05-01', 6, 150000000, 373062864),
(63, 'Gambit', '2025-02-14', 7, 120000000, 310000000),
(64, 'Silver Surfer: Rebirth', '2024-11-05', 8, 150000000, 550000000),
(65, 'Galactus: The Devourer', '2026-07-15', 9, 250000000, 850000000),
(66, 'Fantastic Four: The Beginning', '2025-06-20', 8, 200000000, 600000000),
(67, 'Nova: Cosmic Protector', '2023-04-22', 7, 130000000, 400000000),
(68, 'Adam Warlock: Infinity', '2024-08-15', 8, 180000000, 700000000),
(69, 'The Scarlet Witch: Chaos', '2023-12-22', 8, 150000000, 500000000),
(70, 'Vision: The Android', '2025-10-10', 7, 120000000, 350000000),
(71, 'Quicksilver: Speed of Light', '2026-03-20', 7, 140000000, 400000000),
(72, 'Hawkeye: The Longshot', '2023-08-30', 7, 130000000, 370000000),
(73, 'Ant-Man: Quantum Force', '2024-02-10', 7, 160000000, 420000000),
(74, 'Doctor Doom: Legacy', '2025-05-19', 8, 200000000, 720000000),
(75, 'Magneto: The Rise', '2023-11-12', 8, 180000000, 580000000),
(76, 'Mystique: Shadow of the X', '2026-06-05', 8, 150000000, 500000000),
(77, 'Apocalypse: Genesis', '2024-03-16', 7, 170000000, 490000000),
(78, 'Deadpool 3: Maximum Effort', '2025-07-12', 9, 200000000, 800000000),
(79, 'Storm: The Tempest', '2024-10-18', 7, 140000000, 420000000),
(80, 'Cyclops: X-Vision', '2026-01-22', 7, 130000000, 370000000),
(81, 'Jean Grey: Phoenix Rising', '2025-03-11', 8, 160000000, 500000000),
(82, 'Rogue: The Untouchable', '2024-07-23', 7, 120000000, 400000000),
(83, 'Beast: The Scientist', '2025-09-15', 7, 150000000, 450000000),
(84, 'Iceman: Freeze', '2026-12-05', 7, 140000000, 410000000),
(85, 'Kitty Pryde: Shadowcat', '2024-05-29', 7, 110000000, 320000000),
(86, 'Nightcrawler: The Teleporter', '2025-08-14', 7, 130000000, 390000000),
(87, 'Colossus: Metal Man', '2023-02-11', 7, 140000000, 430000000),
(88, 'Gambit: The Rogue Card', '2026-07-10', 7, 150000000, 470000000),
(89, 'X-23: The Claw', '2023-11-08', 7, 120000000, 360000000),
(90, 'Cable: The Time Warrior', '2024-12-13', 7, 170000000, 520000000),
(91, 'Domino: Lucky Strike', '2026-02-29', 7, 130000000, 390000000),
(92, 'Silver Sable: The Huntress', '2025-06-01', 7, 140000000, 400000000),
(93, 'Rhino: The Beast', '2024-08-09', 6, 110000000, 330000000);

INSERT INTO MARVEL_HERO_MOVIES (HERO_ID, MOVIE_ID) VALUES
(1, 1),
(2, 2),
(3, 3),
(4, 4),
(5, 5),
(6, 6),
(7, 7),
(8, 8),
(9, 9),
(10, 10),
(11, 7),
(12, 19),
(13, 32),
(14, 79),
(15, 80),
(16, 81),
(17, 10),
(18, 64),
(19, 57),
(20, 55),
(21, 67),
(22, 68),
(23, 59),
(24, 60),
(25, 20),
(26, 66),
(27, 27),
(28, 73),
(29, 61),
(30, 30),
(31, 54),
(32, 72),
(33, 61),
(34, 34),
(35, 46),
(36, 36),
(37, 42),
(38, 38),
(39, 39),
(40, 40),
(41, 41),
(42, 43),
(43, 33),
(44, 47),
(45, 45),
(46, 44),
(47, 20),
(48, 48),
(49, 49),
(50, 50),
(51, 51),
(52, 52),
(53, 53),
(54, 54),
(55, 55),
(56, 56),
(57, 57),
(58, 58),
(59, 59),
(60, 60),
(61, 61),
(62, 62),
(63, 63),
(64, 64),
(65, 65),
(66, 66),
(67, 67),
(68, 68),
(69, 69),
(70, 70),
(71, 71),
(72, 72),
(73, 73),
(74, 74),
(75, 75),
(76, 76),
(77, 77),
(78, 78),
(79, 79),
(80, 80),
(81, 81),
(82, 82),
(83, 83),
(84, 84),
(85, 85),
(86, 86),
(87, 87),
(88, 88),
(89, 89),
(90, 90),
(91, 91),
(92, 92),
(93, 93),
(94, 94),
(95, 95),
(96, 96),
(97, 97),
(98, 98),
(99, 99),
(100, 100);


INSERT INTO MARVEL_HERO_TEAMS (TEAM_ID, TEAM_NAME, TEAM_LEADER_NAME, TEAM_FORMATION_DATE) VALUES
(1, 'Avengers', 'Steve Rogers', '1963-05-01'),
(2, 'X-Men', 'Charles Xavier', '1963-09-01'),
(3, 'Fantastic Four', 'Reed Richards', '1961-11-01'),
(4, 'Guardians of the Galaxy', 'Peter Quill', '2008-05-01'),
(5, 'Defenders', 'Doctor Strange', '1971-12-01'),
(6, 'Inhumans', 'Black Bolt', '1965-03-01'),
(7, 'Eternals', 'Ikaris', '1976-07-01'),
(8, 'Alpha Flight', 'Guardian', '1979-08-01'),
(9, 'Thunderbolts', 'Baron Zemo', '1997-04-01'),
(10, 'Young Avengers', 'Iron Lad', '2005-04-01'),
(11, 'Runaways', 'Nico Minoru', '2003-07-01'),
(12, 'New Mutants', 'Cannonball', '1982-09-01'),
(13, 'X-Force', 'Cable', '1991-08-01'),
(14, 'Great Lakes Avengers', 'Mr. Immortal', '1989-06-01'),
(15, 'Sinister Six', 'Doctor Octopus', '1964-01-01'),
(16, 'A-Force', 'She-Hulk', '2015-05-01'),
(17, 'Champions', 'Hercules', '1975-10-01'),
(18, 'Midnight Sons', 'Ghost Rider', '1992-12-01'),
(19, 'Excalibur', 'Captain Britain', '1988-10-01'),
(20, 'Starjammers', 'Corsair', '1977-04-01'),
(21, 'Dark Avengers', 'Norman Osborn', '2009-03-01'),
(22, 'Secret Warriors', 'Nick Fury', '2009-06-01'),
(23, 'Illuminati', 'Doctor Strange', '2005-09-01'),
(24, 'Nextwave', 'Monica Rambeau', '2006-02-01'),
(25, 'Agents of Atlas', 'Jimmy Woo', '1958-10-01'),
(26, 'Heroes for Hire', 'Luke Cage', '1978-06-01'),
(27, 'Hellfire Club', 'Emma Frost', '1980-02-01'),
(28, 'Future Foundation', 'Reed Richards', '2011-03-01'),
(29, 'Winter Guard', 'Red Guardian', '1998-09-01'),
(30, 'Howling Commandos', 'Nick Fury', '1963-05-01');


-- Свързване на отбори и лидери
INSERT INTO MARVEL_HERO_TEAMS_LEADERS (TEAM_ID, HERO_ID) VALUES
(1, 2), 
(2, 15),
(3, 3), 
(4, 28), 
(5, 8), 
(6, 6),
(7, 18),
(8, 51), 
(9, 19), 
(10, 32), 
(11, 54), 
(12, 50), 
(13, 75), 
(14, 45),
(15, 57), 
(16, 24), 
(17, 37), 
(18, 39), 
(19, 19), 
(20, 60), 
(21, 21),
(22, 22), 
(23, 8), 
(24, 33), 
(25, 44),
(26, 20), 
(27, 63), 
(28, 3), 
(29, 29),
(30, 22); 


INSERT INTO MARVEL_HERO_POWERS (HERO_ID, POWER_NAME) VALUES
(1, 'Genius-level intellect'),
(2, 'Super strength'),
(3, 'Godly powers'),
(4, 'Expert hand-to-hand combatant'),
(5, 'Master archer'),
(6, 'Enhanced strength'),
(7, 'Spider-sense'),
(8, 'Magic'),
(9, 'Chaos magic'),
(10, 'Solar energy absorption'),
(11, 'Size alteration'),
(12, 'Regeneration'),
(13, 'Regeneration'),
(14, 'Weather manipulation'),
(15, 'Optic blasts'),
(16, 'Telepathy'),
(17, 'Super strength'),
(18, 'Cosmic energy manipulation'),
(19, 'Acrobatics'),
(20, 'Unbreakable skin'),
(21, 'Energy manipulation'),
(22, 'Superhuman strength'),
(23, 'Stealth and combat skills'),
(24, 'Superhuman endurance'),
(25, 'Skilled swordsman'),
(26, 'Flight and energy beams'),
(27, 'Enhanced intelligence'),
(28, 'Superhuman agility'),
(29, 'Energy blasts'),
(30, 'Martial arts expertise'),
(31, 'Acute reflexes'),
(32, 'Technological genius'),
(33, 'Energy projection'),
(34, 'Enhanced speed'),
(35, 'Plasma blasts'),
(36, 'Wall-crawling'),
(37, 'Immense strength'),
(38, 'Underwater breathing'),
(39, 'Hellfire generation'),
(40, 'Sharp intellect'),
(41, 'Hyper durability'),
(42, 'Stormbreaker wielder'),
(43, 'Luck manipulation'),
(44, 'Superhuman agility'),
(45, 'Bouncing powers'),
(46, 'Solar absorption'),
(47, 'Superhuman senses'),
(48, 'Combat mastery'),
(49, 'Probability manipulation'),
(50, 'Thermal energy projection'),
(51, 'Light manipulation'),
(52, 'Teleportation'),
(53, 'Superior agility'),
(54, 'Darkness manipulation'),
(55, 'Enhanced stealth'),
(56, 'Healing factor'),
(57, 'Energy creation'),
(58, 'Group telepathy'),
(59, 'Healing factor'),
(60, 'Armor generation'),
(61, 'Energy-based teleportation'),
(62, 'Superhuman endurance'),
(63, 'Shapeshifting'),
(64, 'Enhanced resilience'),
(65, 'Acute reflexes'),
(66, 'Enhanced durability'),
(67, 'Seismic wave generation'),
(68, 'Massive strength'),
(69, 'Heat resistance'),
(70, 'Energy manipulation'),
(71, 'Soundwave projection'),
(72, 'Illusions'),
(73, 'Rapid regeneration'),
(74, 'Techno-organic abilities'),
(75, 'Plasma rifle usage'),
(76, 'Decaying touch'),
(77, 'Reality manipulation'),
(78, 'Bone manipulation'),
(79, 'Thermal vision'),
(80, 'Stretchable skin');


INSERT INTO MARVEL_PLANETS_GALAXIES (PLANET_NAME, GALAXY_NAME, HERO_ID) VALUES
('Earth', 'Milky Way', 1),
('Asgard', 'Asgardian Galaxy', 3),
('Zenn-La', 'Deneb System', 18),
('Halfworld', 'Keystone Quadrant', 26),
('Planet X', 'Floral Galaxy', 27),
('Zen-Whoberi', 'Whoberi Cluster', 29),
('Luphomoids', 'Unknown Galaxy', 30),
('Wakanda', 'Milky Way', 6),
('Jotunheim', 'Asgardian Galaxy', 32),
('Sokovia', 'Milky Way', 9),
('Atlantis', 'Earth', 38),
('Olympus', 'Olympian Galaxy', 37),
('Kvch', 'Technarchy System', 74),
('Mojoworld', 'Mojoverse', 53),
('Limbo', 'Other Realm', 52),
('Duckworld', 'Duck Galaxy', 40);


INSERT INTO MARVEL_MOVIE_SCREENINGS (MOVIE_ID, SCREENING_DATE, DAILY_BOX_OFFICE) VALUES
(1, '2019-04-26', 400000000.00),
(1, '2019-04-27', 300000000.00),
(2, '2018-04-27', 257000000.00),
(2, '2018-04-28', 230000000.00),
(3, '2018-02-16', 150000000.00),
(3, '2018-02-17', 120000000.00),
(4, '2008-05-02', 102000000.00),
(4, '2008-05-03', 95000000.00),
(5, '2016-05-06', 120000000.00),
(5, '2016-05-07', 110000000.00),
(6, '2014-08-01', 95000000.00),
(6, '2014-08-02', 88000000.00),
(7, '2017-07-07', 117000000.00),
(7, '2017-07-08', 108000000.00),
(8, '2016-11-04', 85000000.00),
(8, '2016-11-05', 77000000.00),
(9, '2015-07-17', 57000000.00),
(9, '2015-07-18', 60000000.00),
(10, '2017-11-03', 121000000.00),
(10, '2017-11-04', 130000000.00),
(11, '2023-05-20', 145000000.00),
(11, '2023-05-21', 155000000.00),
(12, '2022-06-12', 97000000.00),
(12, '2022-06-13', 103000000.00),
(13, '2019-07-02', 92000000.00),
(13, '2019-07-03', 97000000.00),
(14, '2021-07-09', 65000000.00),
(14, '2021-07-10', 67000000.00),
(15, '2013-05-03', 80000000.00),
(15, '2013-05-04', 85000000.00),
(16, '2012-05-04', 204000000.00),
(16, '2012-05-05', 200000000.00),
(17, '2013-11-08', 70000000.00),
(17, '2013-11-09', 72000000.00),
(18, '2016-02-12', 132000000.00),
(18, '2016-02-13', 140000000.00),
(19, '2014-05-23', 91000000.00),
(19, '2014-05-24', 93000000.00),
(20, '2015-05-01', 191000000.00),
(20, '2015-05-02', 190000000.00),
(21, '2020-12-25', 120000000.00),
(21, '2020-12-26', 125000000.00),
(22, '2022-11-11', 150000000.00),
(22, '2022-11-12', 152000000.00),
(23, '2023-03-17', 98000000.00),
(23, '2023-03-18', 99000000.00),
(24, '2011-07-22', 65000000.00),
(24, '2011-07-23', 67000000.00),
(25, '2011-05-06', 65000000.00),
(25, '2011-05-07', 70000000.00),
(26, '2013-03-25', 75000000.00),
(26, '2013-03-26', 76000000.00),
(27, '2019-06-07', 70000000.00),
(27, '2019-06-08', 72000000.00),
(28, '2023-08-08', 83000000.00),
(28, '2023-08-09', 84000000.00),
(29, '2024-07-15', 120000000.00),
(29, '2024-07-16', 125000000.00),
(30, '2023-01-14', 67000000.00),
(30, '2023-01-15', 70000000.00),
(31, '2023-02-20', 72000000.00),
(31, '2023-02-21', 74000000.00),
(32, '2025-03-18', 91000000.00),
(32, '2025-03-19', 92000000.00),
(33, '2023-10-11', 84000000.00),
(33, '2023-10-12', 85000000.00),
(34, '2026-05-20', 99000000.00),
(34, '2026-05-21', 102000000.00),
(35, '2025-11-03', 125000000.00),
(35, '2025-11-04', 128000000.00),
(36, '2022-01-14', 87000000.00),
(36, '2022-01-15', 90000000.00),
(37, '2021-11-04', 92000000.00),
(37, '2021-11-05', 95000000.00),
(38, '2023-06-14', 80000000.00),
(38, '2023-06-15', 85000000.00),
(39, '2020-09-10', 70000000.00),
(39, '2020-09-11', 75000000.00),
(40, '2024-03-20', 96000000.00),
(40, '2024-03-21', 100000000.00),
(41, '2019-12-20', 140000000.00),
(41, '2019-12-21', 150000000.00),
(42, '2022-07-18', 87000000.00),
(42, '2022-07-19', 89000000.00),
(43, '2024-04-25', 110000000.00),
(43, '2024-04-26', 115000000.00),
(44, '2025-10-12', 95000000.00),
(44, '2025-10-13', 97000000.00),
(45, '2023-02-22', 83000000.00),
(45, '2023-02-23', 86000000.00),
(46, '2022-05-14', 74000000.00),
(46, '2022-05-15', 78000000.00),
(47, '2023-11-01', 100000000.00),
(47, '2023-11-02', 105000000.00),
(48, '2024-12-20', 120000000.00),
(48, '2024-12-21', 125000000.00),
(49, '2022-03-15', 65000000.00),
(49, '2022-03-16', 70000000.00),
(50, '2021-09-25', 67000000.00),
(50, '2021-09-26', 72000000.00),
(51, '2023-04-20', 88000000.00),
(51, '2023-04-21', 91000000.00),
(52, '2024-06-10', 98000000.00),
(52, '2024-06-11', 102000000.00),
(53, '2025-01-30', 75000000.00),
(53, '2025-01-31', 78000000.00),
(54, '2023-08-19', 88000000.00),
(54, '2023-08-20', 91000000.00),
(55, '2024-02-13', 93000000.00),
(55, '2024-02-14', 95000000.00),
(56, '2023-09-14', 81000000.00),
(57, '2024-11-10', 99000000.00),
(57, '2024-11-11', 102000000.00),
(58, '2025-05-25', 87000000.00),
(58, '2025-05-26', 89000000.00),
(59, '2023-03-30', 95000000.00),
(59, '2023-03-31', 98000000.00),
(60, '2022-07-24', 102000000.00),
(60, '2022-07-25', 105000000.00),
(61, '2023-11-11', 84000000.00),
(61, '2023-11-12', 87000000.00),
(62, '2024-09-05', 93000000.00),
(62, '2024-09-06', 96000000.00),
(63, '2022-12-20', 125000000.00),
(63, '2022-12-21', 130000000.00),
(64, '2025-04-12', 140000000.00),
(64, '2025-04-13', 145000000.00),
(65, '2023-06-17', 87000000.00),
(65, '2023-06-18', 90000000.00),
(66, '2024-01-22', 88000000.00),
(66, '2024-01-23', 91000000.00),
(67, '2023-05-20', 94000000.00),
(67, '2023-05-21', 97000000.00),
(68, '2024-10-14', 115000000.00),
(68, '2024-10-15', 120000000.00),
(69, '2023-02-24', 81000000.00),
(69, '2023-02-25', 85000000.00),
(70, '2025-06-20', 99000000.00),
(70, '2025-06-21', 102000000.00),
(71, '2024-08-13', 87000000.00),
(71, '2024-08-14', 89000000.00),
(72, '2023-01-16', 65000000.00),
(72, '2023-01-17', 67000000.00),
(73, '2023-10-22', 87000000.00),
(73, '2023-10-23', 90000000.00),
(74, '2022-04-11', 94000000.00),
(74, '2022-04-12', 97000000.00),
(75, '2023-09-05', 78000000.00),
(75, '2023-09-06', 81000000.00),
(76, '2024-07-18', 96000000.00),
(76, '2024-07-19', 100000000.00),
(77, '2022-05-20', 89000000.00),
(77, '2022-05-21', 92000000.00),
(78, '2023-03-28', 103000000.00),
(78, '2023-03-29', 107000000.00),
(79, '2024-02-12', 86000000.00),
(79, '2024-02-13', 90000000.00),
(80, '2023-06-13', 88000000.00),
(80, '2023-06-14', 92000000.00),
(81, '2025-01-18', 99000000.00),
(81, '2025-01-19', 102000000.00),
(82, '2023-07-21', 87000000.00),
(82, '2023-07-22', 90000000.00),
(83, '2022-03-19', 95000000.00),
(83, '2022-03-20', 97000000.00),
(84, '2024-05-23', 100000000.00),
(84, '2024-05-24', 103000000.00),
(85, '2023-04-15', 94000000.00),
(85, '2023-04-16', 97000000.00),
(86, '2022-06-30', 88000000.00),
(86, '2022-07-01', 91000000.00),
(87, '2023-11-09', 97000000.00),
(87, '2023-11-10', 100000000.00),
(88, '2025-03-19', 93000000.00),
(88, '2025-03-20', 96000000.00),
(89, '2022-10-22', 125000000.00),
(89, '2022-10-23', 130000000.00),
(90, '2024-11-12', 88000000.00),
(90, '2024-11-13', 91000000.00),
(91, '2023-12-20', 104000000.00),
(91, '2023-12-21', 107000000.00),
(92, '2025-05-30', 96000000.00),
(92, '2025-05-31', 99000000.00),
(93, '2023-01-29', 97000000.00),
(93, '2023-01-30', 100000000.00),
(94, '2024-02-19', 87000000.00),
(94, '2024-02-20', 90000000.00),
(95, '2025-06-11', 104000000.00),
(95, '2025-06-12', 107000000.00),
(96, '2023-09-20', 99000000.00),
(96, '2023-09-21', 103000000.00),
(97, '2024-07-29', 110000000.00),
(97, '2024-07-30', 114000000.00),
(98, '2022-12-05', 120000000.00),
(98, '2022-12-06', 124000000.00),
(99, '2023-08-13', 130000000.00),
(99, '2023-08-14', 135000000.00),
(100, '2024-01-25', 140000000.00),
(100, '2024-01-26', 145000000.00);
